Status,Date,Time,Match,P1,P1_profile,P2,P2_profile
Finished,28.01.24,Completed,fin,Jannik Sinner,https://www.tennislive.net/atp/jannik-sinner/,Daniil Medvedev,https://www.tennislive.net/atp/daniil-medvedev/
Finished,26.01.24,Completed,1/2,Daniil Medvedev,https://www.tennislive.net/atp/daniil-medvedev/,Alexander Zverev,https://www.tennislive.net/atp/alexander-zverev/
Finished,26.01.24,Completed,1/2,Jannik Sinner,https://www.tennislive.net/atp/jannik-sinner/,Novak Djokovic,https://www.tennislive.net/atp/novak-djokovic/
Finished,23.01.24,Completed,1/4,Novak Djokovic,https://www.tennislive.net/atp/novak-djokovic/,Taylor Harry Fritz,https://www.tennislive.net/atp/taylor-harry-fritz/
Finished,23.01.24,Completed,1/4,Jannik Sinner,https://www.tennislive.net/atp/jannik-sinner/,Andrey Rublev,https://www.tennislive.net/atp/andrey-rublev/
Finished,24.01.24,Completed,1/4,Daniil Medvedev,https://www.tennislive.net/atp/daniil-medvedev/,Hubert Hurkacz,https://www.tennislive.net/atp/hubert-hurkacz/
Finished,24.01.24,Completed,1/4,Alexander Zverev,https://www.tennislive.net/atp/alexander-zverev/,Carlos Alcaraz,https://www.tennislive.net/atp/carlos-alcaraz-garfia/
Finished,21.01.24,Completed,4th round,Novak Djokovic,https://www.tennislive.net/atp/novak-djokovic/,Adrian Mannarino,https://www.tennislive.net/atp/adrian-mannarino/
Finished,21.01.24,Completed,4th round,Andrey Rublev,https://www.tennislive.net/atp/andrey-rublev/,Alex De Minaur,https://www.tennislive.net/atp/alex-de-minaur/
Finished,21.01.24,Completed,4th round,Taylor Harry Fritz,https://www.tennislive.net/atp/taylor-harry-fritz/,Stefanos Tsitsipas,https://www.tennislive.net/atp/stefanos-tsitsipas/
Finished,21.01.24,Completed,4th round,Jannik Sinner,https://www.tennislive.net/atp/jannik-sinner/,Karen Khachanov,https://www.tennislive.net/atp/karen-khachanov/
Finished,22.01.24,Completed,4th round,Daniil Medvedev,https://www.tennislive.net/atp/daniil-medvedev/,Nuno Borges,https://www.tennislive.net/atp/nuno-borges/
Finished,22.01.24,Completed,4th round,Alexander Zverev,https://www.tennislive.net/atp/alexander-zverev/,Cameron Norrie,https://www.tennislive.net/atp/cameron-norrie/
Finished,22.01.24,Completed,4th round,Hubert Hurkacz,https://www.tennislive.net/atp/hubert-hurkacz/,Arthur Cazaux,https://www.tennislive.net/atp/arthur-cazaux/
Finished,22.01.24,Completed,4th round,Carlos Alcaraz,https://www.tennislive.net/atp/carlos-alcaraz-garfia/,Miomir Kecmanovic,https://www.tennislive.net/atp/miomir-kecmanovic/
Finished,19.01.24,Completed,3rd round,Novak Djokovic,https://www.tennislive.net/atp/novak-djokovic/,Tomas Martin Etcheverry,https://www.tennislive.net/atp/tomas-martin-etcheverry/
Finished,19.01.24,Completed,3rd round,Adrian Mannarino,https://www.tennislive.net/atp/adrian-mannarino/,Ben Shelton,https://www.tennislive.net/atp/ben-shelton/
Finished,19.01.24,Completed,3rd round,Karen Khachanov,https://www.tennislive.net/atp/karen-khachanov/,Tomas Machac,https://www.tennislive.net/atp/tomas-machac/
Finished,19.01.24,Completed,3rd round,Andrey Rublev,https://www.tennislive.net/atp/andrey-rublev/,Sebastian Korda,https://www.tennislive.net/atp/sebastian-korda/
Finished,19.01.24,Completed,3rd round,Taylor Harry Fritz,https://www.tennislive.net/atp/taylor-harry-fritz/,Fabian Marozsan,https://www.tennislive.net/atp/fabian-marozsan/
Finished,19.01.24,Completed,3rd round,Stefanos Tsitsipas,https://www.tennislive.net/atp/stefanos-tsitsipas/,Luca Van Assche,https://www.tennislive.net/atp/luca-van-assche/
Finished,19.01.24,Completed,3rd round,Alex De Minaur,https://www.tennislive.net/atp/alex-de-minaur/,Flavio Cobolli,https://www.tennislive.net/atp/flavio-cobolli/
Finished,19.01.24,Completed,3rd round,Jannik Sinner,https://www.tennislive.net/atp/jannik-sinner/,Sebastian Baez,https://www.tennislive.net/atp/sebastian-baez/
Finished,20.01.24,Completed,3rd round,Daniil Medvedev,https://www.tennislive.net/atp/daniil-medvedev/,Felix Auger Aliassime,https://www.tennislive.net/atp/felix-auger-aliassime/
Finished,20.01.24,Completed,3rd round,Alexander Zverev,https://www.tennislive.net/atp/alexander-zverev/,Alex Michelsen,https://www.tennislive.net/atp/alex-michelsen/
Finished,20.01.24,Completed,3rd round,Hubert Hurkacz,https://www.tennislive.net/atp/hubert-hurkacz/,Ugo Humbert,https://www.tennislive.net/atp/ugo-humbert/
Finished,20.01.24,Completed,3rd round,Cameron Norrie,https://www.tennislive.net/atp/cameron-norrie/,Casper Ruud,https://www.tennislive.net/atp/casper-ruud/
Finished,20.01.24,Completed,3rd round,Nuno Borges,https://www.tennislive.net/atp/nuno-borges/,Grigor Dimitrov,https://www.tennislive.net/atp/grigor-dimitrov/
Finished,20.01.24,Completed,3rd round,Miomir Kecmanovic,https://www.tennislive.net/atp/miomir-kecmanovic/,Tommy Paul,https://www.tennislive.net/atp/tommy-paul/
Finished,20.01.24,Completed,3rd round,Carlos Alcaraz,https://www.tennislive.net/atp/carlos-alcaraz-garfia/,Juncheng Shang,https://www.tennislive.net/atp/juncheng-shang/
Finished,20.01.24,Completed,3rd round,Arthur Cazaux,https://www.tennislive.net/atp/arthur-cazaux/,Tallon Griekspoor,https://www.tennislive.net/atp/tallon-griekspoor/
Finished,17.01.24,Completed,2nd round,Novak Djokovic,https://www.tennislive.net/atp/novak-djokovic/,Alexei Popyrin,https://www.tennislive.net/atp/alexei-popyrin/
Finished,17.01.24,Completed,2nd round,Adrian Mannarino,https://www.tennislive.net/atp/adrian-mannarino/,Jaume Antoni Munar Clar,https://www.tennislive.net/atp/jaume-antoni-munar-clar/
Finished,17.01.24,Completed,2nd round,Karen Khachanov,https://www.tennislive.net/atp/karen-khachanov/,Aleksandar Kovacevic,https://www.tennislive.net/atp/aleksandar-kovacevic/
Finished,17.01.24,Completed,2nd round,Andrey Rublev,https://www.tennislive.net/atp/andrey-rublev/,Christopher Eubanks,https://www.tennislive.net/atp/christopher-eubanks/
Finished,17.01.24,Completed,2nd round,Taylor Harry Fritz,https://www.tennislive.net/atp/taylor-harry-fritz/,Hugo Gaston,https://www.tennislive.net/atp/hugo-gaston/
Finished,17.01.24,Completed,2nd round,Stefanos Tsitsipas,https://www.tennislive.net/atp/stefanos-tsitsipas/,Jordan Thompson,https://www.tennislive.net/atp/jordan-thompson/
Finished,17.01.24,Completed,2nd round,Tomas Martin Etcheverry,https://www.tennislive.net/atp/tomas-martin-etcheverry/,Gael Monfils,https://www.tennislive.net/atp/gael-monfils/
Finished,17.01.24,Completed,2nd round,Alex De Minaur,https://www.tennislive.net/atp/alex-de-minaur/,Matteo Arnaldi,https://www.tennislive.net/atp/matteo-arnaldi/
Finished,17.01.24,Completed,2nd round,Sebastian Korda,https://www.tennislive.net/atp/sebastian-korda/,Quentin Halys,https://www.tennislive.net/atp/quentin-halys/
Finished,17.01.24,Completed,2nd round,Jannik Sinner,https://www.tennislive.net/atp/jannik-sinner/,Jesper De Jong,https://www.tennislive.net/atp/jesper-de-jong/
Finished,17.01.24,Completed,2nd round,Fabian Marozsan,https://www.tennislive.net/atp/fabian-marozsan/,Francisco Cerundolo,https://www.tennislive.net/atp/francisco-cerundolo/
Finished,17.01.24,Completed,2nd round,Sebastian Baez,https://www.tennislive.net/atp/sebastian-baez/,Daniel Elahi Galan,https://www.tennislive.net/atp/daniel-elahi-galan-riveros/
Finished,17.01.24,Completed,2nd round,Tomas Machac,https://www.tennislive.net/atp/tomas-machac/,Frances Tiafoe,https://www.tennislive.net/atp/francis-tiafoe/
Finished,17.01.24,Completed,2nd round,Flavio Cobolli,https://www.tennislive.net/atp/flavio-cobolli/,Pavel Kotov,https://www.tennislive.net/atp/pavel-kotov/
Finished,17.01.24,Completed,2nd round,Luca Van Assche,https://www.tennislive.net/atp/luca-van-assche/,Lorenzo Musetti,https://www.tennislive.net/atp/lorenzo-musetti/
Finished,17.01.24,Completed,2nd round,Ben Shelton,https://www.tennislive.net/atp/ben-shelton/,Christopher O'Connell,https://www.tennislive.net/atp/christopher-oconnell/
Finished,18.01.24,Completed,2nd round,Grigor Dimitrov,https://www.tennislive.net/atp/grigor-dimitrov/,Thanasi Kokkinakis,https://www.tennislive.net/atp/thanasi-kokkinakis/
Finished,18.01.24,Completed,2nd round,Daniil Medvedev,https://www.tennislive.net/atp/daniil-medvedev/,Emil Ruusuvuori,https://www.tennislive.net/atp/emil-ruusuvuori/
Finished,18.01.24,Completed,2nd round,Alexander Zverev,https://www.tennislive.net/atp/alexander-zverev/,Lukas Klein,https://www.tennislive.net/atp/lukas-klein-/
Finished,18.01.24,Completed,2nd round,Hubert Hurkacz,https://www.tennislive.net/atp/hubert-hurkacz/,Jakub Mensik,https://www.tennislive.net/atp/jakub-mensik/
Finished,18.01.24,Completed,2nd round,Cameron Norrie,https://www.tennislive.net/atp/cameron-norrie/,Giulio Zeppieri,https://www.tennislive.net/atp/giulio-zeppieri/
Finished,18.01.24,Completed,2nd round,Tommy Paul,https://www.tennislive.net/atp/tommy-paul/,Jack Draper,https://www.tennislive.net/atp/jack-draper/
Finished,18.01.24,Completed,2nd round,Nuno Borges,https://www.tennislive.net/atp/nuno-borges/,Alejandro Davidovich Fokina,https://www.tennislive.net/atp/alejandro-davidovich-fokina/
Finished,18.01.24,Completed,2nd round,Casper Ruud,https://www.tennislive.net/atp/casper-ruud/,Max Purcell,https://www.tennislive.net/atp/max-purcell/
Finished,18.01.24,Completed,2nd round,Tallon Griekspoor,https://www.tennislive.net/atp/tallon-griekspoor/,Arthur Fils,https://www.tennislive.net/atp/arthur-fils/
Finished,18.01.24,Completed,2nd round,Miomir Kecmanovic,https://www.tennislive.net/atp/miomir-kecmanovic/,Jan-Lennard Struff,https://www.tennislive.net/atp/jan-lennard-struff/
Finished,18.01.24,Completed,2nd round,Ugo Humbert,https://www.tennislive.net/atp/ugo-humbert/,Zhizhen Zhang,https://www.tennislive.net/atp/zhizhen-zhang/
Finished,18.01.24,Completed,2nd round,Felix Auger Aliassime,https://www.tennislive.net/atp/felix-auger-aliassime/,Hugo Grenier,https://www.tennislive.net/atp/hugo-grenier/
Finished,18.01.24,Completed,2nd round,Carlos Alcaraz,https://www.tennislive.net/atp/carlos-alcaraz-garfia/,Lorenzo Sonego,https://www.tennislive.net/atp/lorenzo-sonego/
Finished,18.01.24,Completed,2nd round,Arthur Cazaux,https://www.tennislive.net/atp/arthur-cazaux/,Holger Rune,https://www.tennislive.net/atp/holger-vitus-nodskov-rune/
Finished,18.01.24,Completed,2nd round,Juncheng Shang,https://www.tennislive.net/atp/juncheng-shang/,Sumit Nagal,https://www.tennislive.net/atp/sumit-nagal/
Finished,18.01.24,Completed,2nd round,Alex Michelsen,https://www.tennislive.net/atp/alex-michelsen/,Jiri Lehecka,https://www.tennislive.net/atp/jiri-lehecka/
Finished,14.01.24,Completed,1st round,Novak Djokovic,https://www.tennislive.net/atp/novak-djokovic/,Dino Prizmic,https://www.tennislive.net/atp/dino-prizmic/
Finished,14.01.24,Completed,1st round,Christopher O'Connell,https://www.tennislive.net/atp/christopher-oconnell/,Cristian Garin,https://www.tennislive.net/atp/christian-garin/
Finished,14.01.24,Completed,1st round,Quentin Halys,https://www.tennislive.net/atp/quentin-halys/,Lloyd Harris,https://www.tennislive.net/atp/lloyd-george-muirhead-harris/
Finished,14.01.24,Completed,1st round,Daniel Elahi Galan,https://www.tennislive.net/atp/daniel-elahi-galan-riveros/,Jason Murray Kubler,https://www.tennislive.net/atp/jason-murray-kubler/
Finished,14.01.24,Completed,1st round,Andrey Rublev,https://www.tennislive.net/atp/andrey-rublev/,Thiago Seyboth Wild,https://www.tennislive.net/atp/thiago-seyboth-wild/
Finished,14.01.24,Completed,1st round,Taylor Harry Fritz,https://www.tennislive.net/atp/taylor-harry-fritz/,Facundo Diaz Acosta,https://www.tennislive.net/atp/facundo-diaz-acosta/
Finished,14.01.24,Completed,1st round,Frances Tiafoe,https://www.tennislive.net/atp/francis-tiafoe/,Borna Coric,https://www.tennislive.net/atp/borna-coric/
Finished,14.01.24,Completed,1st round,Jaume Antoni Munar Clar,https://www.tennislive.net/atp/jaume-antoni-munar-clar/,Alexander Shevchenko,https://www.tennislive.net/atp/alexander-shevchenko/
Finished,14.01.24,Completed,1st round,Pavel Kotov,https://www.tennislive.net/atp/pavel-kotov/,Arthur Rinderknech,https://www.tennislive.net/atp/arthur-rinderknech/
Finished,14.01.24,Completed,1st round,Jannik Sinner,https://www.tennislive.net/atp/jannik-sinner/,Botic Van De Zandschulp,https://www.tennislive.net/atp/botic-van-de-zandschulp/
Finished,14.01.24,Completed,1st round,Fabian Marozsan,https://www.tennislive.net/atp/fabian-marozsan/,Marin Cilic,https://www.tennislive.net/atp/marin-cilic/
Finished,14.01.24,Completed,1st round,Francisco Cerundolo,https://www.tennislive.net/atp/francisco-cerundolo/,Dane Sweeny,https://www.tennislive.net/atp/dane-sweeny/
Finished,14.01.24,Completed,1st round,Sebastian Baez,https://www.tennislive.net/atp/sebastian-baez/,Jeff Wolf,https://www.tennislive.net/atp/jeff-wolf/
Finished,14.01.24,Completed,1st round,Tomas Machac,https://www.tennislive.net/atp/tomas-machac/,Shintaro Mochizuki,https://www.tennislive.net/atp/shintaro-mochizuki/
Finished,14.01.24,Completed,1st round,Jesper De Jong,https://www.tennislive.net/atp/jesper-de-jong/,Pedro Cachin,https://www.tennislive.net/atp/pedro-cachin/
Finished,14.01.24,Completed,1st round,Matteo Arnaldi,https://www.tennislive.net/atp/matteo-arnaldi/,Adam Walton,https://www.tennislive.net/atp/adam-walton/
Finished,15.01.24,Completed,1st round,Gael Monfils,https://www.tennislive.net/atp/gael-monfils/,Yannick Hanfmann,https://www.tennislive.net/atp/yannick-hanfmann/
Finished,15.01.24,Completed,1st round,Adrian Mannarino,https://www.tennislive.net/atp/adrian-mannarino/,Stan Wawrinka,https://www.tennislive.net/atp/stanislas-wawrinka/
Finished,15.01.24,Completed,1st round,Jan-Lennard Struff,https://www.tennislive.net/atp/jan-lennard-struff/,Rinky Hijikata,https://www.tennislive.net/atp/rinky-hijikata/
Finished,15.01.24,Completed,1st round,Jordan Thompson,https://www.tennislive.net/atp/jordan-thompson/,Aleksandar Vukic,https://www.tennislive.net/atp/aleksandar-vukic/
Finished,15.01.24,Completed,1st round,Daniil Medvedev,https://www.tennislive.net/atp/daniil-medvedev/,Terence Atmane,https://www.tennislive.net/atp/terence-atmane/
Finished,15.01.24,Completed,1st round,Karen Khachanov,https://www.tennislive.net/atp/karen-khachanov/,Daniel Altmaier,https://www.tennislive.net/atp/daniel-altmaier/
Finished,15.01.24,Completed,1st round,Zhizhen Zhang,https://www.tennislive.net/atp/zhizhen-zhang/,Federico Coria,https://www.tennislive.net/atp/federico-coria/
Finished,15.01.24,Completed,1st round,Christopher Eubanks,https://www.tennislive.net/atp/christopher-eubanks/,Taro Daniel,https://www.tennislive.net/atp/taro-taro/
Finished,15.01.24,Completed,1st round,Hubert Hurkacz,https://www.tennislive.net/atp/hubert-hurkacz/,Omar Jasika,https://www.tennislive.net/atp/omar-jasika/
Finished,15.01.24,Completed,1st round,Hugo Grenier,https://www.tennislive.net/atp/hugo-grenier/,Alexandre Muller,https://www.tennislive.net/atp/alexandre-muller/
Finished,15.01.24,Completed,1st round,Stefanos Tsitsipas,https://www.tennislive.net/atp/stefanos-tsitsipas/,Zizou Bergs,https://www.tennislive.net/atp/zizou-bergs/
Finished,15.01.24,Completed,1st round,Nuno Borges,https://www.tennislive.net/atp/nuno-borges/,Maximilian Marterer,https://www.tennislive.net/atp/maximilian-marterer/
Finished,15.01.24,Completed,1st round,Alexei Popyrin,https://www.tennislive.net/atp/alexei-popyrin/,Marc Polmans,https://www.tennislive.net/atp/marc-polmans/
Finished,15.01.24,Completed,1st round,Miomir Kecmanovic,https://www.tennislive.net/atp/miomir-kecmanovic/,Yosuke Watanuki,https://www.tennislive.net/atp/yousuke-watanuki/
Finished,15.01.24,Completed,1st round,Alejandro Davidovich Fokina,https://www.tennislive.net/atp/alejandro-davidovich-fokina/,Constant Lestienne,https://www.tennislive.net/atp/constant-lestienne/
Finished,15.01.24,Completed,1st round,Emil Ruusuvuori,https://www.tennislive.net/atp/emil-ruusuvuori/,Patrick Kypson,https://www.tennislive.net/atp/patrick-kypson/
Finished,15.01.24,Completed,1st round,Tomas Martin Etcheverry,https://www.tennislive.net/atp/tomas-martin-etcheverry/,Andy Murray,https://www.tennislive.net/atp/andy-murray/
Finished,15.01.24,Completed,1st round,Ugo Humbert,https://www.tennislive.net/atp/ugo-humbert/,David Goffin,https://www.tennislive.net/atp/david-goffin/
Finished,15.01.24,Completed,1st round,Aleksandar Kovacevic,https://www.tennislive.net/atp/aleksandar-kovacevic/,Alejandro Tabilo,https://www.tennislive.net/atp/alejandro-tabilo/
Finished,15.01.24,Completed,1st round,Alex De Minaur,https://www.tennislive.net/atp/alex-de-minaur/,Milos Raonic,https://www.tennislive.net/atp/milos-raonic/
Finished,15.01.24,Completed,1st round,Felix Auger Aliassime,https://www.tennislive.net/atp/felix-auger-aliassime/,Dominic Thiem,https://www.tennislive.net/atp/dominic-thiem/
Finished,15.01.24,Completed,1st round,Sebastian Korda,https://www.tennislive.net/atp/sebastian-korda/,Vit Kopriva,https://www.tennislive.net/atp/vit-kopriva/
Finished,15.01.24,Completed,1st round,Hugo Gaston,https://www.tennislive.net/atp/hugo-gaston/,Roberto Carballes Baena,https://www.tennislive.net/atp/roberto-carballes-baena/
Finished,15.01.24,Completed,1st round,Lorenzo Musetti,https://www.tennislive.net/atp/lorenzo-musetti/,Benjamin Bonzi,https://www.tennislive.net/atp/benjamin-bonzi/
Finished,15.01.24,Completed,1st round,Flavio Cobolli,https://www.tennislive.net/atp/flavio-cobolli/,Nicolas Jarry,https://www.tennislive.net/atp/nicolas-jarry/
Finished,15.01.24,Completed,1st round,Luca Van Assche,https://www.tennislive.net/atp/luca-van-assche/,James Duckworth,https://www.tennislive.net/atp/james-duckworth/
Finished,15.01.24,Completed,1st round,Jakub Mensik,https://www.tennislive.net/atp/jakub-mensik/,Denis Shapovalov,https://www.tennislive.net/atp/denis-shapovalov/
Finished,15.01.24,Completed,1st round,Ben Shelton,https://www.tennislive.net/atp/ben-shelton/,Roberto Bautista Agut,https://www.tennislive.net/atp/roberto-bautista-agut/
Finished,16.01.24,Completed,1st round,Grigor Dimitrov,https://www.tennislive.net/atp/grigor-dimitrov/,Marton Fucsovics,https://www.tennislive.net/atp/marton-fucsovics/
Finished,16.01.24,Completed,1st round,Thanasi Kokkinakis,https://www.tennislive.net/atp/thanasi-kokkinakis/,Sebastian Ofner,https://www.tennislive.net/atp/sebastian-ofner/
Finished,16.01.24,Completed,1st round,Alexander Zverev,https://www.tennislive.net/atp/alexander-zverev/,Dominik Koepfer,https://www.tennislive.net/atp/dominik-koepfer/
Finished,16.01.24,Completed,1st round,Sumit Nagal,https://www.tennislive.net/atp/sumit-nagal/,Alexander Bublik,https://www.tennislive.net/atp/alexander-bublik/
Finished,16.01.24,Completed,1st round,Cameron Norrie,https://www.tennislive.net/atp/cameron-norrie/,Juan Pablo Varillas,https://www.tennislive.net/atp/juan-pablo-varillas-patino-samudio/
Finished,16.01.24,Completed,1st round,Max Purcell,https://www.tennislive.net/atp/max-purcell/,Mate Valkusz,https://www.tennislive.net/atp/mate-valkusz/
Finished,16.01.24,Completed,1st round,Tommy Paul,https://www.tennislive.net/atp/tommy-paul/,Gregoire Barrere,https://www.tennislive.net/atp/gregoire-barrere/
Finished,16.01.24,Completed,1st round,Lorenzo Sonego,https://www.tennislive.net/atp/lorenzo-sonego/,Daniel Evans,https://www.tennislive.net/atp/daniel-evans/
Finished,16.01.24,Completed,1st round,Casper Ruud,https://www.tennislive.net/atp/casper-ruud/,Albert Ramos-Vinolas,https://www.tennislive.net/atp/albert-ramos-vinolas/
Finished,16.01.24,Completed,1st round,Tallon Griekspoor,https://www.tennislive.net/atp/tallon-griekspoor/,Roman Safiullin,https://www.tennislive.net/atp/roman-safiullin/
Finished,16.01.24,Completed,1st round,Lukas Klein,https://www.tennislive.net/atp/lukas-klein-/,Soon-Woo Kwon,https://www.tennislive.net/atp/soon-woo-kwon/
Finished,16.01.24,Completed,1st round,Giulio Zeppieri,https://www.tennislive.net/atp/giulio-zeppieri/,Dusan Lajovic,https://www.tennislive.net/atp/dusan-lajovic/
Finished,16.01.24,Completed,1st round,Jiri Lehecka,https://www.tennislive.net/atp/jiri-lehecka/,Bernabe Zapata Miralles,https://www.tennislive.net/atp/bernabe-zapata-miralles/
Finished,16.01.24,Completed,1st round,Jack Draper,https://www.tennislive.net/atp/jack-draper/,Marcos Giron,https://www.tennislive.net/atp/marcos-giron/
Finished,16.01.24,Completed,1st round,Carlos Alcaraz,https://www.tennislive.net/atp/carlos-alcaraz-garfia/,Richard Gasquet,https://www.tennislive.net/atp/richard-gasquet/
Finished,16.01.24,Completed,1st round,Holger Rune,https://www.tennislive.net/atp/holger-vitus-nodskov-rune/,Yoshihito Nishioka,https://www.tennislive.net/atp/yoshihito-nishioka/
Finished,16.01.24,Completed,1st round,Arthur Cazaux,https://www.tennislive.net/atp/arthur-cazaux/,Laslo Djere,https://www.tennislive.net/atp/laslo-djere/
Finished,16.01.24,Completed,1st round,Arthur Fils,https://www.tennislive.net/atp/arthur-fils/,Jiri Vesely,https://www.tennislive.net/atp/jiri-vesely/
Finished,16.01.24,Completed,1st round,Juncheng Shang,https://www.tennislive.net/atp/juncheng-shang/,Mackenzie Mcdonald,https://www.tennislive.net/atp/mackenzie-mcdonald/
Finished,16.01.24,Completed,1st round,Alex Michelsen,https://www.tennislive.net/atp/alex-michelsen/,James McCabe,https://www.tennislive.net/atp/james-mccabe/
Finished,12.01.24,Completed,qual.,David Goffin,https://www.tennislive.net/atp/david-goffin/,Gabriel Diallo,https://www.tennislive.net/atp/gabriel-diallo/
Finished,12.01.24,Completed,qual.,Sumit Nagal,https://www.tennislive.net/atp/sumit-nagal/,Alex Molcan,https://www.tennislive.net/atp/alex-molcan/
Finished,12.01.24,Completed,qual.,Omar Jasika,https://www.tennislive.net/atp/omar-jasika/,Abedallah Shelbayh,https://www.tennislive.net/atp/abedallah-shelbayh/
Finished,12.01.24,Completed,qual.,Hugo Grenier,https://www.tennislive.net/atp/hugo-grenier/,Giovanni Mpetshi Perricard,https://www.tennislive.net/atp/giovanni-mpetshi-perricard/
Finished,12.01.24,Completed,qual.,Lloyd Harris,https://www.tennislive.net/atp/lloyd-george-muirhead-harris/,Hugo Gaston,https://www.tennislive.net/atp/hugo-gaston/
Finished,12.01.24,Completed,qual.,Lukas Klein,https://www.tennislive.net/atp/lukas-klein-/,Stefano Napolitano,https://www.tennislive.net/atp/stefano-napolitano/
Finished,12.01.24,Completed,qual.,Aleksandar Kovacevic,https://www.tennislive.net/atp/aleksandar-kovacevic/,Shintaro Mochizuki,https://www.tennislive.net/atp/shintaro-mochizuki/
Finished,12.01.24,Completed,qual.,Mate Valkusz,https://www.tennislive.net/atp/mate-valkusz/,Andrea Vavassori,https://www.tennislive.net/atp/andrea-vavassori/
Finished,12.01.24,Completed,qual.,Vit Kopriva,https://www.tennislive.net/atp/vit-kopriva/,Oliver Crawford,https://www.tennislive.net/atp/oliver-crawford/
Finished,12.01.24,Completed,qual.,Dane Sweeny,https://www.tennislive.net/atp/dane-sweeny/,Zizou Bergs,https://www.tennislive.net/atp/zizou-bergs/
Finished,12.01.24,Completed,qual.,Giulio Zeppieri,https://www.tennislive.net/atp/giulio-zeppieri/,Alexander Ritschard,https://www.tennislive.net/atp/alexander-ritschard/
Finished,12.01.24,Completed,qual.,Jesper De Jong,https://www.tennislive.net/atp/jesper-de-jong/,Camilo Ugo Carabelli,https://www.tennislive.net/atp/camilo-ugo-carabelli/
Finished,12.01.24,Completed,qual.,Terence Atmane,https://www.tennislive.net/atp/terence-atmane/,Emilio Nava,https://www.tennislive.net/atp/emilio-nava/
Finished,12.01.24,Completed,qual.,Flavio Cobolli,https://www.tennislive.net/atp/flavio-cobolli/,Santiago Rodriguez Taverna,https://www.tennislive.net/atp/santiago-fa-rodriguez-taverna/
Finished,12.01.24,Completed,qual.,Dino Prizmic,https://www.tennislive.net/atp/dino-prizmic/,Aziz Dougaz,https://www.tennislive.net/atp/aziz-dougaz/
Finished,12.01.24,Completed,qual.,Jakub Mensik,https://www.tennislive.net/atp/jakub-mensik/,Harold Mayot,https://www.tennislive.net/atp/harold-mayot/
Finished,11.01.24,Completed,q 2,David Goffin,https://www.tennislive.net/atp/david-goffin/,Billy Harris,https://www.tennislive.net/atp/billy-harris/
Finished,11.01.24,Completed,q 2,Stefano Napolitano,https://www.tennislive.net/atp/stefano-napolitano/,Rudolf Molleker,https://www.tennislive.net/atp/rudolf-molleker/
Finished,11.01.24,Completed,q 2,Alexander Ritschard,https://www.tennislive.net/atp/alexander-ritschard/,Jules Marie,https://www.tennislive.net/atp/jules-marie/
Finished,11.01.24,Completed,q 2,Sumit Nagal,https://www.tennislive.net/atp/sumit-nagal/,Edward Winter,https://www.tennislive.net/atp/edward-winter/
Finished,11.01.24,Completed,q 2,Omar Jasika,https://www.tennislive.net/atp/omar-jasika/,Zachary Svajda,https://www.tennislive.net/atp/zachary-svajda/
Finished,11.01.24,Completed,q 2,Hugo Grenier,https://www.tennislive.net/atp/hugo-grenier/,Maxime Cressy,https://www.tennislive.net/atp/maxime-cressy/
Finished,11.01.24,Completed,q 2,Aziz Dougaz,https://www.tennislive.net/atp/aziz-dougaz/,Ryan Peniston,https://www.tennislive.net/atp/ryan-peniston/
Finished,11.01.24,Completed,q 2,Andrea Vavassori,https://www.tennislive.net/atp/andrea-vavassori/,Kimmer Coppejans,https://www.tennislive.net/atp/kimmer-coppejans/
Finished,11.01.24,Completed,q 2,Alex Molcan,https://www.tennislive.net/atp/alex-molcan/,John Millman,https://www.tennislive.net/atp/john-millman/
Finished,11.01.24,Completed,q 2,Lloyd Harris,https://www.tennislive.net/atp/lloyd-george-muirhead-harris/,Kyrian Jacquet,https://www.tennislive.net/atp/kyrian-jacquet/
Finished,11.01.24,Completed,q 2,Lukas Klein,https://www.tennislive.net/atp/lukas-klein-/,Denis Kudla,https://www.tennislive.net/atp/denis-kudla/
Finished,11.01.24,Completed,q 2,Zizou Bergs,https://www.tennislive.net/atp/zizou-bergs/,Joris De Loore,https://www.tennislive.net/atp/joris-de-loore/
Finished,11.01.24,Completed,q 2,Santiago Rodriguez Taverna,https://www.tennislive.net/atp/santiago-fa-rodriguez-taverna/,Zsombor Piros,https://www.tennislive.net/atp/zsombor-piros/
Finished,11.01.24,Completed,q 2,Aleksandar Kovacevic,https://www.tennislive.net/atp/aleksandar-kovacevic/,Vitaliy Sachko,https://www.tennislive.net/atp/vitaliy-sachko/
Finished,11.01.24,Completed,q 2,Mate Valkusz,https://www.tennislive.net/atp/mate-valkusz/,Francisco Comesana,https://www.tennislive.net/atp/francisco-comesana/
Finished,11.01.24,Completed,q 2,Camilo Ugo Carabelli,https://www.tennislive.net/atp/camilo-ugo-carabelli/,Riccardo Bonadio,https://www.tennislive.net/atp/riccardo-bonadio/
Finished,11.01.24,Completed,q 2,Vit Kopriva,https://www.tennislive.net/atp/vit-kopriva/,Oriol Roca Batalla,https://www.tennislive.net/atp/oriol-roca-batalla/
Finished,11.01.24,Completed,q 2,Hugo Gaston,https://www.tennislive.net/atp/hugo-gaston/,Beibit Zhukayev,https://www.tennislive.net/atp/beibit-zhukayev/
Finished,11.01.24,Completed,q 2,Oliver Crawford,https://www.tennislive.net/atp/oliver-crawford/,Francesco Passaro,https://www.tennislive.net/atp/francesco-passaro/
Finished,11.01.24,Completed,q 2,Emilio Nava,https://www.tennislive.net/atp/emilio-nava/,Mattia Bellucci,https://www.tennislive.net/atp/mattia-bellucci/
Finished,11.01.24,Completed,q 2,Dane Sweeny,https://www.tennislive.net/atp/dane-sweeny/,Luca Nardi,https://www.tennislive.net/atp/luca-nardi/
Finished,11.01.24,Completed,q 2,Giulio Zeppieri,https://www.tennislive.net/atp/giulio-zeppieri/,Damir Dzumhur,https://www.tennislive.net/atp/damir-dzumhur/
Finished,11.01.24,Completed,q 2,Jesper De Jong,https://www.tennislive.net/atp/jesper-de-jong/,Felipe Meligeni Alves,https://www.tennislive.net/atp/felipe-meligeni-rodrigues-alves/
Finished,11.01.24,Completed,q 2,Harold Mayot,https://www.tennislive.net/atp/harold-mayot/,Hugo Dellien,https://www.tennislive.net/atp/hugo-dellien/
Finished,11.01.24,Completed,q 2,Terence Atmane,https://www.tennislive.net/atp/terence-atmane/,Nerman Fatic,https://www.tennislive.net/atp/nerman-fatic/
Finished,11.01.24,Completed,q 2,Flavio Cobolli,https://www.tennislive.net/atp/flavio-cobolli/,Benjamin Hassan,https://www.tennislive.net/atp/benjamin-hassan/
Finished,11.01.24,Completed,q 2,Gabriel Diallo,https://www.tennislive.net/atp/gabriel-diallo/,Pierre-Hugues Herbert,https://www.tennislive.net/atp/pierre-hugues-herbert/
Finished,11.01.24,Completed,q 2,Giovanni Mpetshi Perricard,https://www.tennislive.net/atp/giovanni-mpetshi-perricard/,Marc-Andrea Huesler,https://www.tennislive.net/atp/marc-andrea-huesler/
Finished,11.01.24,Completed,q 2,Shintaro Mochizuki,https://www.tennislive.net/atp/shintaro-mochizuki/,Tristan Schoolkate,https://www.tennislive.net/atp/tristan-schoolkate/
Finished,11.01.24,Completed,q 2,Abedallah Shelbayh,https://www.tennislive.net/atp/abedallah-shelbayh/,Hamad Medjedovic,https://www.tennislive.net/atp/hamad-medjedovic/
Finished,11.01.24,Completed,q 2,Dino Prizmic,https://www.tennislive.net/atp/dino-prizmic/,Duje Ajdukovic,https://www.tennislive.net/atp/duje-ajdukovic/
Finished,11.01.24,Completed,q 2,Jakub Mensik,https://www.tennislive.net/atp/jakub-mensik/,Federico Gaio,https://www.tennislive.net/atp/federico-gaio/
Finished,09.01.24,Completed,q 1,David Goffin,https://www.tennislive.net/atp/david-goffin/,Stefano Travaglia,https://www.tennislive.net/atp/stefano-travaglia/
Finished,09.01.24,Completed,q 1,Denis Kudla,https://www.tennislive.net/atp/denis-kudla/,Diego Sebastian Schwartzman,https://www.tennislive.net/atp/diego-sebastian-schwartzman/
Finished,09.01.24,Completed,q 1,Damir Dzumhur,https://www.tennislive.net/atp/damir-dzumhur/,Timofey Skatov,https://www.tennislive.net/atp/timofey-skatov/
Finished,09.01.24,Completed,q 1,Pierre-Hugues Herbert,https://www.tennislive.net/atp/pierre-hugues-herbert/,Roman Andres Burruchaga,https://www.tennislive.net/atp/roman-andres-burruchaga/
Finished,09.01.24,Completed,q 1,Jules Marie,https://www.tennislive.net/atp/jules-marie/,Benoit Paire,https://www.tennislive.net/atp/benoit-paire/
Finished,09.01.24,Completed,q 1,Riccardo Bonadio,https://www.tennislive.net/atp/riccardo-bonadio/,Pavle Marinkov,https://www.tennislive.net/atp/pavle-marinkov/
Finished,09.01.24,Completed,q 1,Stefano Napolitano,https://www.tennislive.net/atp/stefano-napolitano/,Radu Albot,https://www.tennislive.net/atp/radu-albot/
Finished,09.01.24,Completed,q 1,Joris De Loore,https://www.tennislive.net/atp/joris-de-loore/,Li Tu,https://www.tennislive.net/atp/li-tu/
Finished,09.01.24,Completed,q 1,Alexander Ritschard,https://www.tennislive.net/atp/alexander-ritschard/,Clement Tabur,https://www.tennislive.net/atp/clement-tabur/
Finished,09.01.24,Completed,q 1,Nerman Fatic,https://www.tennislive.net/atp/nerman-fatic/,Illya Marchenko,https://www.tennislive.net/atp/illya-marchenko/
Finished,09.01.24,Completed,q 1,Kimmer Coppejans,https://www.tennislive.net/atp/kimmer-coppejans/,Thiago Agustin Tirante,https://www.tennislive.net/atp/thiago-agustin-tirante/
Finished,09.01.24,Completed,q 1,Billy Harris,https://www.tennislive.net/atp/billy-harris/,Dimitar Kuzmanov,https://www.tennislive.net/atp/dimitar-kuzmanov/
Finished,09.01.24,Completed,q 1,Ryan Peniston,https://www.tennislive.net/atp/ryan-peniston/,Elias Ymer,https://www.tennislive.net/atp/elias-ymer/
Finished,09.01.24,Completed,q 1,Aziz Dougaz,https://www.tennislive.net/atp/aziz-dougaz/,Facundo Bagnis,https://www.tennislive.net/atp/facundo-bagnis/
Finished,09.01.24,Completed,q 1,Andrea Vavassori,https://www.tennislive.net/atp/andrea-vavassori/,Otto Virtanen,https://www.tennislive.net/atp/otto-virtanen/
Finished,09.01.24,Completed,q 1,Felipe Meligeni Alves,https://www.tennislive.net/atp/felipe-meligeni-rodrigues-alves/,Michael Mmoh,https://www.tennislive.net/atp/michael-mmoh/
Finished,09.01.24,Completed,q 1,Lukas Klein,https://www.tennislive.net/atp/lukas-klein-/,Marco Trungelliti,https://www.tennislive.net/atp/marco-trungelliti/
Finished,09.01.24,Completed,q 1,Zizou Bergs,https://www.tennislive.net/atp/zizou-bergs/,Zdenek Kolar,https://www.tennislive.net/atp/zdenek-kolar/
Finished,09.01.24,Completed,q 1,Mate Valkusz,https://www.tennislive.net/atp/mate-valkusz/,Tung-Lin Wu,https://www.tennislive.net/atp/tung-lin-wu/
Finished,09.01.24,Completed,q 1,Camilo Ugo Carabelli,https://www.tennislive.net/atp/camilo-ugo-carabelli/,Hayden Jones,https://www.tennislive.net/atp/hayden-jones/
Finished,09.01.24,Completed,q 1,Duje Ajdukovic,https://www.tennislive.net/atp/duje-ajdukovic/,Ugo Blanchet,https://www.tennislive.net/atp/ugo-blanchet/
Finished,09.01.24,Completed,q 1,Rudolf Molleker,https://www.tennislive.net/atp/rudolf-molleker/,Ivan Gakhov,https://www.tennislive.net/atp/ivan-gakhov/
Finished,09.01.24,Completed,q 1,Emilio Nava,https://www.tennislive.net/atp/emilio-nava/,Luciano Darderi,https://www.tennislive.net/atp/luciano-darderi/
Finished,09.01.24,Completed,q 1,Dane Sweeny,https://www.tennislive.net/atp/dane-sweeny/,Matteo Gigante,https://www.tennislive.net/atp/matteo-gigante/
Finished,09.01.24,Completed,q 1,Giulio Zeppieri,https://www.tennislive.net/atp/giulio-zeppieri/,Pablo Cuevas,https://www.tennislive.net/atp/pablo-cuevas/
Finished,09.01.24,Completed,q 1,Jesper De Jong,https://www.tennislive.net/atp/jesper-de-jong/,Raul Brancaccio,https://www.tennislive.net/atp/raul-brancaccio/
Finished,09.01.24,Completed,q 1,Francisco Comesana,https://www.tennislive.net/atp/francisco-comesana/,Yuta Shimizu,https://www.tennislive.net/atp/yuta-shimizu/
Finished,09.01.24,Completed,q 1,Terence Atmane,https://www.tennislive.net/atp/terence-atmane/,Juan Manuel Cerundolo,https://www.tennislive.net/atp/juan-manuel-cerundolo/
Finished,09.01.24,Completed,q 1,Gabriel Diallo,https://www.tennislive.net/atp/gabriel-diallo/,Pablo Llamas Ruiz,https://www.tennislive.net/atp/pablo-llamas-ruiz/
Finished,09.01.24,Completed,q 1,Luca Nardi,https://www.tennislive.net/atp/luca-nardi/,Francesco Maestrelli,https://www.tennislive.net/atp/francesco-maestrelli/
Finished,09.01.24,Completed,q 1,Mattia Bellucci,https://www.tennislive.net/atp/mattia-bellucci/,Jozef Kovalik,https://www.tennislive.net/atp/jozef-kovalik/
Finished,09.01.24,Completed,q 1,Dino Prizmic,https://www.tennislive.net/atp/dino-prizmic/,Mariano Navone,https://www.tennislive.net/atp/mariano-navone/
Finished,10.01.24,Completed,q 1,John Millman,https://www.tennislive.net/atp/john-millman/,Alessandro Giannessi,https://www.tennislive.net/atp/alessandro-giannessi/
Finished,10.01.24,Completed,q 1,Federico Gaio,https://www.tennislive.net/atp/federico-gaio/,Laurent Lokoli,https://www.tennislive.net/atp/laurent-lokoli/
Finished,10.01.24,Completed,q 1,Hugo Dellien,https://www.tennislive.net/atp/hugo-dellien/,Goncalo Oliveira,https://www.tennislive.net/atp/goncalo-oliveira/
Finished,10.01.24,Completed,q 1,Oriol Roca Batalla,https://www.tennislive.net/atp/oriol-roca-batalla/,Philip Sekulic,https://www.tennislive.net/atp/philip-sekulic/
Finished,10.01.24,Completed,q 1,Sumit Nagal,https://www.tennislive.net/atp/sumit-nagal/,Geoffrey Blancaneaux,https://www.tennislive.net/atp/geoffrey-blancaneaux/
Finished,10.01.24,Completed,q 1,Omar Jasika,https://www.tennislive.net/atp/omar-jasika/,Dalibor Svrcina,https://www.tennislive.net/atp/dalibor-svrcina/
Finished,10.01.24,Completed,q 1,Vitaliy Sachko,https://www.tennislive.net/atp/vitaliy-sachko/,Denis Yevseyev,https://www.tennislive.net/atp/denis-yevseyev/
Finished,10.01.24,Completed,q 1,Hugo Grenier,https://www.tennislive.net/atp/hugo-grenier/,Mark Lajal,https://www.tennislive.net/atp/mark-lajal/
Finished,10.01.24,Completed,q 1,Benjamin Hassan,https://www.tennislive.net/atp/benjamin-hassan/,Jan Choinski,https://www.tennislive.net/atp/jan-choinski/
Finished,10.01.24,Completed,q 1,Alex Molcan,https://www.tennislive.net/atp/alex-molcan/,Gijs Brouwer,https://www.tennislive.net/atp/gijs-brouwer/
Finished,10.01.24,Completed,q 1,Marc-Andrea Huesler,https://www.tennislive.net/atp/marc-andrea-huesler/,Filip Misolic,https://www.tennislive.net/atp/filip-misolic/
Finished,10.01.24,Completed,q 1,Lloyd Harris,https://www.tennislive.net/atp/lloyd-george-muirhead-harris/,Daniel Rincon,https://www.tennislive.net/atp/daniel-rincon/
Finished,10.01.24,Completed,q 1,Santiago Rodriguez Taverna,https://www.tennislive.net/atp/santiago-fa-rodriguez-taverna/,Antoine Escoffier,https://www.tennislive.net/atp/antoine-escoffier/
Finished,10.01.24,Completed,q 1,Aleksandar Kovacevic,https://www.tennislive.net/atp/aleksandar-kovacevic/,Gauthier Onclin,https://www.tennislive.net/atp/gauthier-onclin/
Finished,10.01.24,Completed,q 1,Vit Kopriva,https://www.tennislive.net/atp/vit-kopriva/,Calvin Hemery,https://www.tennislive.net/atp/calvin-hemery/
Finished,10.01.24,Completed,q 1,Hugo Gaston,https://www.tennislive.net/atp/hugo-gaston/,Bu Yunchaokete,https://www.tennislive.net/atp/bu-yunchaokete/
Finished,10.01.24,Completed,q 1,Zsombor Piros,https://www.tennislive.net/atp/zsombor-piros/,Andrea Pellegrino,https://www.tennislive.net/atp/andrea-pellegrino/
Finished,10.01.24,Completed,q 1,Oliver Crawford,https://www.tennislive.net/atp/oliver-crawford/,Ilya Ivashka,https://www.tennislive.net/atp/ilya-ivashka/
Finished,10.01.24,Completed,q 1,Maxime Cressy,https://www.tennislive.net/atp/maxime-cressy/,Yu Hsiou Hsu,https://www.tennislive.net/atp/yu-hsiou-hsu/
Finished,10.01.24,Completed,q 1,Beibit Zhukayev,https://www.tennislive.net/atp/beibit-zhukayev/,Nicolas Kicker,https://www.tennislive.net/atp/nicolas-kicker/
Finished,10.01.24,Completed,q 1,Harold Mayot,https://www.tennislive.net/atp/harold-mayot/,Andrea Collarini,https://www.tennislive.net/atp/andrea-collarini/
Finished,10.01.24,Completed,q 1,Francesco Passaro,https://www.tennislive.net/atp/francesco-passaro/,Pedro Martinez Portero,https://www.tennislive.net/atp/pedro-martinez-portero/
Finished,10.01.24,Completed,q 1,Kyrian Jacquet,https://www.tennislive.net/atp/kyrian-jacquet/,Enzo Couacaud,https://www.tennislive.net/atp/enzo-couacaud/
Finished,10.01.24,Completed,q 1,Flavio Cobolli,https://www.tennislive.net/atp/flavio-cobolli/,Jeremy Jin,https://www.tennislive.net/atp/jeremy-jin/
Finished,10.01.24,Completed,q 1,Tristan Schoolkate,https://www.tennislive.net/atp/tristan-schoolkate/,Sho Shimabukuro,https://www.tennislive.net/atp/sho-shimabukuro/
Finished,10.01.24,Completed,q 1,Giovanni Mpetshi Perricard,https://www.tennislive.net/atp/giovanni-mpetshi-perricard/,Tomas Barrios Vera,https://www.tennislive.net/atp/marcelo-tomas-barrios-vera/
Finished,10.01.24,Completed,q 1,Zachary Svajda,https://www.tennislive.net/atp/zachary-svajda/,Alexander Blockx,https://www.tennislive.net/atp/alexander-blockx/
Finished,10.01.24,Completed,q 1,Shintaro Mochizuki,https://www.tennislive.net/atp/shintaro-mochizuki/,Nicolas Moreno De Alboran,https://www.tennislive.net/atp/nicolas-moreno-de-alboran/
Finished,10.01.24,Completed,q 1,Abedallah Shelbayh,https://www.tennislive.net/atp/abedallah-shelbayh/,Titouan Droguet,https://www.tennislive.net/atp/titouan-droguet/
Finished,10.01.24,Completed,q 1,Hamad Medjedovic,https://www.tennislive.net/atp/hamad-medjedovic/,Marco Cecchinato,https://www.tennislive.net/atp/marco-cecchinato/
Finished,10.01.24,Completed,q 1,Edward Winter,https://www.tennislive.net/atp/edward-winter/,Franco Agamenone,https://www.tennislive.net/atp/franco-agamenone/
Finished,10.01.24,Completed,q 1,Jakub Mensik,https://www.tennislive.net/atp/jakub-mensik/,Brandon Nakashima,https://www.tennislive.net/atp/brandon-nakashime/
